{
  "version": "4.0",
  "width": 16383,
  "height": 10922,
  "items": {
    "hotspot_001": {
      "src": "/assets/slices/hotspot_001.webp",
      "x": 0.5710187389367026,
      "y": 0.07910639077092108,
      "w": 0.02819996337667094,
      "h": 0.04614539461637063,
      "px": {
        "left": 9124,
        "top": 612,
        "right": 9586,
        "bottom": 1116
      }
    },
    "hotspot_002": {
      "src": "/assets/slices/hotspot_002.webp",
      "x": 0.827168406274797,
      "y": 0.2241805530122688,
      "w": 0.018006470121467374,
      "h": 0.025727888665079655,
      "px": {
        "left": 13404,
        "top": 2308,
        "right": 13699,
        "bottom": 2589
      }
    },
    "hotspot_003": {
      "src": "/assets/slices/hotspot_003.webp",
      "x": 0.9757980833791124,
      "y": 0.2380974180553012,
      "w": 0.04840383324177501,
      "h": 0.04880058597326497,
      "px": {
        "left": 15590,
        "top": 2334,
        "right": 16383,
        "bottom": 2867
      }
    },
    "hotspot_004": {
      "src": "/assets/slices/hotspot_004.webp",
      "x": 0.6303485320148935,
      "y": 0.25238051638893977,
      "w": 0.0205090642739425,
      "h": 0.02444607214795825,
      "px": {
        "left": 10159,
        "top": 2623,
        "right": 10495,
        "bottom": 2890
      }
    },
    "hotspot_005": {
      "src": "/assets/slices/hotspot_005.webp",
      "x": 0.7168101080388207,
      "y": 0.263413294268449,
      "w": 0.018006470121467374,
      "h": 0.019227247756821095,
      "px": {
        "left": 11596,
        "top": 2772,
        "right": 11891,
        "bottom": 2982
      }
    },
    "hotspot_006": {
      "src": "/assets/slices/hotspot_006.webp",
      "x": 0.2162912775437954,
      "y": 0.26886101446621496,
      "w": 0.018006470121467374,
      "h": 0.018036989562351217,
      "px": {
        "left": 3396,
        "top": 2838,
        "right": 3691,
        "bottom": 3035
      }
    },
    "hotspot_007": {
      "src": "/assets/slices/hotspot_007.webp",
      "x": 0.7900567661600439,
      "y": 0.28863761215894523,
      "w": 0.018006470121467374,
      "h": 0.018036989562351217,
      "px": {
        "left": 12796,
        "top": 3054,
        "right": 13091,
        "bottom": 3251
      }
    },
    "hotspot_008": {
      "src": "/assets/slices/hotspot_008.webp",
      "x": 0.2968931209180248,
      "y": 0.345449551364219,
      "w": 0.0205090642739425,
      "h": 0.03717267899652078,
      "px": {
        "left": 4696,
        "top": 3570,
        "right": 5032,
        "bottom": 3976
      }
    },
    "hotspot_009": {
      "src": "/assets/slices/hotspot_009.webp",
      "x": 0.5932368919001404,
      "y": 0.34320637245925656,
      "w": 0.023927241652932918,
      "h": 0.018036989562351217,
      "px": {
        "left": 9523,
        "top": 3650,
        "right": 9915,
        "bottom": 3847
      }
    },
    "hotspot_010": {
      "src": "/assets/slices/hotspot_010.webp",
      "x": 0.5271012635048526,
      "y": 0.3520417505951291,
      "w": 0.018006470121467374,
      "h": 0.019227247756821095,
      "px": {
        "left": 8488,
        "top": 3740,
        "right": 8783,
        "bottom": 3950
      }
    },
    "hotspot_011": {
      "src": "/assets/slices/hotspot_011.webp",
      "x": 0.05813953488372093,
      "y": 0.3773118476469511,
      "w": 0.018006470121467374,
      "h": 0.033327229445156564,
      "px": {
        "left": 805,
        "top": 3939,
        "right": 1100,
        "bottom": 4303
      }
    },
    "hotspot_012": {
      "src": "/assets/slices/hotspot_012.webp",
      "x": 0.6664835500213636,
      "y": 0.3795092473905878,
      "w": 0.025636330342428126,
      "h": 0.033327229445156564,
      "px": {
        "left": 10709,
        "top": 3963,
        "right": 11129,
        "bottom": 4327
      }
    },
    "hotspot_013": {
      "src": "/assets/slices/hotspot_013.webp",
      "x": 0.34007812976866264,
      "y": 0.3849569675883538,
      "w": 0.018006470121467374,
      "h": 0.018036989562351217,
      "px": {
        "left": 5424,
        "top": 4106,
        "right": 5719,
        "bottom": 4303
      }
    },
    "hotspot_014": {
      "src": "/assets/slices/hotspot_014.webp",
      "x": 0.043673319904779344,
      "y": 0.4113715436733199,
      "w": 0.018006470121467374,
      "h": 0.01794543123969969,
      "px": {
        "left": 568,
        "top": 4395,
        "right": 863,
        "bottom": 4591
      }
    },
    "hotspot_015": {
      "src": "/assets/slices/hotspot_015.webp",
      "x": 0.759537325276201,
      "y": 0.41649880974180553,
      "w": 0.018006470121467374,
      "h": 0.026918146859549533,
      "px": {
        "left": 12296,
        "top": 4402,
        "right": 12591,
        "bottom": 4696
      }
    },
    "hotspot_017": {
      "src": "/assets/slices/hotspot_017.webp",
      "x": 0.692852346945004,
      "y": 0.44652993957150705,
      "w": 0.018799975584447293,
      "h": 0.04486357809924922,
      "px": {
        "left": 11197,
        "top": 4632,
        "right": 11505,
        "bottom": 5122
      }
    },
    "hotspot_018": {
      "src": "/assets/slices/hotspot_018.webp",
      "x": 0.42480009766221083,
      "y": 0.4545870719648416,
      "w": 0.020570103155710187,
      "h": 0.01794543123969969,
      "px": {
        "left": 6791,
        "top": 4867,
        "right": 7128,
        "bottom": 5063
      }
    },
    "hotspot_019": {
      "src": "/assets/slices/hotspot_019.webp",
      "x": 0.557346029420741,
      "y": 0.46227797106757,
      "w": 0.019654519929194897,
      "h": 0.01794543123969969,
      "px": {
        "left": 8970,
        "top": 4951,
        "right": 9292,
        "bottom": 5147
      }
    },
    "hotspot_020": {
      "src": "/assets/slices/hotspot_020.webp",
      "x": 0.6679790026246719,
      "y": 0.4750961362387841,
      "w": 0.018006470121467374,
      "h": 0.019227247756821095,
      "px": {
        "left": 10796,
        "top": 5084,
        "right": 11091,
        "bottom": 5294
      }
    },
    "hotspot_021": {
      "src": "/assets/slices/hotspot_021.webp",
      "x": 0.4992980528596716,
      "y": 0.49304156747848377,
      "w": 0.02819996337667094,
      "h": 0.03589086247939938,
      "px": {
        "left": 7949,
        "top": 5189,
        "right": 8411,
        "bottom": 5581
      }
    },
    "hotspot_022": {
      "src": "/assets/slices/hotspot_022.webp",
      "x": 0.6037660990050663,
      "y": 0.5080571323933346,
      "w": 0.018006470121467374,
      "h": 0.01794543123969969,
      "px": {
        "left": 9744,
        "top": 5451,
        "right": 10039,
        "bottom": 5647
      }
    },
    "hotspot_023": {
      "src": "/assets/slices/hotspot_023.webp",
      "x": 0.4167429652688763,
      "y": 0.5175791979490936,
      "w": 0.018006470121467374,
      "h": 0.01794543123969969,
      "px": {
        "left": 6680,
        "top": 5555,
        "right": 6975,
        "bottom": 5751
      }
    },
    "hotspot_025": {
      "src": "/assets/slices/hotspot_025.webp",
      "x": 0.8173716657510834,
      "y": 0.5369895623512178,
      "w": 0.018799975584447293,
      "h": 0.023072697308185314,
      "px": {
        "left": 13237,
        "top": 5739,
        "right": 13545,
        "bottom": 5991
      }
    },
    "hotspot_026": {
      "src": "/assets/slices/hotspot_026.webp",
      "x": 0.7231276323017762,
      "y": 0.5366233290606116,
      "w": 0.018799975584447293,
      "h": 0.01794543123969969,
      "px": {
        "left": 11693,
        "top": 5763,
        "right": 12001,
        "bottom": 5959
      }
    },
    "hotspot_027": {
      "src": "/assets/slices/hotspot_027.webp",
      "x": 0.637459561740829,
      "y": 0.5505401941036441,
      "w": 0.018006470121467374,
      "h": 0.01794543123969969,
      "px": {
        "left": 10296,
        "top": 5915,
        "right": 10591,
        "bottom": 6111
      }
    },